你们还都敢去我连飞机票都买不起,
你在骗我去迪拜捡垃圾暴富吗,
买买买不是问题，只要问题是莫得钱钱买买买,
我要去啊啊啊啊啊啊啊啊,
30%-40%off是六折到七折哦 这四舍五入是不要钱,
陷入沉思,
繁子怎么办太喜欢你了，你怎么这么美呢？完了我一个女生都迷上你了。,
不是写着30%off 而已吗 7折啊,
我想说的是30％ off是7折啊,
想去,
看到好多一直在说30%七折的问题 emmm有点醉 小姐姐不要理他们 玩的开心最重要,
首先，我们需要钱$_$,
头上一块布，迪拜我首付,
去过,
我妈每次都忍不住，，，,
刚打开视频一共两个赞，没有评论没有转发，看完视频七百多赞，八十多评论,
我刚从迪拜mall回来，根本不打折,
对不起，没钱,
静的快乐,
麻烦谁告诉我一个比如LV，GUCCI，爱马仕，这些品牌在这个商场一般哪个季节打折我好过去,
水族馆,
莫奈是个品牌吗,
@凌晨三点,
我去过,
打折季在什么时候,
迪拜,
换算一下人民币就知道了,
奇怪了，我当时去的时候研究地图，除了丝芙兰和一个药妆店，一个化妆品柜台我都没看到，dior beauty也是在建,
去过,
3折,
我要发财了,
过去,
打折一般在什么时候？？？,
，,
刚刚十天前迪拜贸回来。LV万年不打折的。买了2个包。各种大牌根本没折扣不过比国内要便宜10个点左右,
贫穷限制我的想象，想象不到的生活,
有钱真好,
什么颜色口红,
什么歌,
先攒够飞机票再去,
啊我要去,
每次去逛都会迷路,
最亮的妞给我打包带回来,
这么便宜,
小姐姐，你的耳环超好看，超级喜欢,
裙子好漂亮,
在哪里买的？？要回复我呀,
长的也不错啊接广告怎么一份没捐,
go,
哈哈哈 爽歪歪,
想要繁子同款珍珠耳环,
姐姐，你也蛮有钱的啊,
我们一定要去一次！！！,
繁子小姐姐我真的超级喜欢你的视频，亲身给粉丝实验，真的超级宠粉,
我哪都想去，只是经济实力不允许,
没有什么烦恼是买买买解决不了的,
我想 买 买 买 我的梦想就是花不完的钱，买不完的奢饰品,
冲冲冲,
迪拜捡垃圾暴富是真的不？,
现在都不能乱跑,
！,
耳环好看,
连我都心动了,
奢侈品呀,
真想去看看,
问题来了，钱从哪里来,
管它打几折呢！有钱才任性,
没钱就瞎看,
反正不给钱,
30%off是打七折的意思啊,
我都无力吐槽了，20%是八折好吗？没人说这事吗？,
我只能在这里看看了,
太吸引人啦,
我......,
,
加油,
有钱真好,
我感觉我们又可以了去迪拜捡垃圾吧,
刚去完，东西比国内专柜还要贵！,
什么时候来的啊,
说得都想去迪拜旅游了,
买买买,
美女几月份最低折扣,
耳环好好看，求推荐,
有钱就是大爷,
去迪拜捡垃圾吧,
买买买，没什么没有买解决不了的,
也想去……,
我决定了以后我的化妆品都要去迪拜买,
努力挣钱，争取下次去能满载而归,
可以的,
开眼界了,
我这时候希望我是小说中的女主,
贵不是奢侈品的错，是我的错！,
你不用戴头巾吗？,
迪拜来耍,
买买也是需要……都懂的,
有烦恼 没钱,
有钱了去哪都好,
一流的br冰淇淋超好吃 每周一次！,
想去,
什么高大上的购物中心呐,
迪拜真的免签呀？,
我也想去,
繁子，你的声音跟恋与白侍从妹妹的声音实在是太像了,
而且里面随时随地能见到中国人买买买,
感觉逛起来好累啊,
能踩平衡车吗,
喜欢的,
冷冷清清，跟我们县城这边万达一样,
喜欢你,
认性的走起,
太棒了,
我打到粉丝10W马上去,
包包真好，香水真好，都不如有钱真好,
好喜欢,
没有什么是买买买解决不了的,
有钱真好，可以买买买,
有钱人就是这么任性,
你牛，带我们看到了这些超好的东西,
逛街了，走起,
去迪拜做乞丐吗搭个伴,
不要再说了，我要养家糊口的,
作为一个女孩一定要去一次,
啊啊啊啊，我要去买买买,
3-7折这个区间,
tie me down,
有钱就是好,
有机会见识一下就好了，买买买就,
我要嫁个有钱人，我要买买买,
好美,
场面这么大，我想去看看,
LV和欧洲比价格怎么样,
钱没了,
看的我又想买买买,
拼了命要去买买买,
小石头,
土豪国家 晚上去做个梦吧,
这个地方我也去过，很怀念。,
有钱人就是这么任性,
你在骗我去迪拜捡垃圾暴富吗,
我想说，贫穷限制了你的想象力，,
从现在开始攒钱了,
只能在手机上饱眼福,
哇塞 太吸引人了 想去,
努力赚钱啊,
我要和你一样买买买,
没钱，有钱我也想去迪拜,
买买买买买买,
在哪里买是我的梦想,
我想去迪拜很久了，现在阻碍我的是没钱买机票,
没钱去,
前提是先攒个机票钱,
我不是缺机票，我是缺去迪拜买买买的钱,
一定要好好努力挣钱 去过自己想要的生活 买自己喜欢的东子,
豪华的地方 也就再视频上电视上看看了 贫穷限制了我的想像,
香水没你香,
哇,
谢谢博主，这个购物导向太全了，再次谢谢博主,
气派,
我要去,
香味很不错,
免签，我有听错吗，真是太惊喜了,
买买买,
迪拜对中国免签,
我想去迪拜捡垃圾,
哇撒，刚想去迪拜,
好大的商城呀,
太美了太美了,
一定要去买买买,
繁子，你怎么可以这么美丽，太喜欢你了,
我想知道迪拜为什么会这么有钱，是因为印刷的钱多吗？,
好高大上啊,
李沁,
刚刚这里回来！迪拜值得去哦,
梦想一定要实现,
好啊,
买买买！等有足够的在去买,
有钱真好,
,
这下看上去也没有想象那么夸张了,
走 咱们全部去迪拜,
迪拜，我也要去,
买买买,
好美，就是口袋不够多，我先看看,
骗我花钱,
迪拜 很多人的梦想,
买买买,
买买买，首先要有钱,
哈哈哈,
真的免签吗,
要去要去,
见识了,
zyyyxy,
买买买。 除了看到的全买了,
我好像看到铁王坐！,
我们一起去,
请问美丽可爱的博主，几月份打折呀？,
求BGM,
厉害了,
这耳环太美了,
带起来超大牌,
羡慕羡慕还是羡慕,
我要去买买买,
30％-40％off的意思貌似是六折到七折,
这个一天下来怕是走掉脚板皮了,
小姐姐的妆好漂亮,
买买买,
我去过了哦，,
一定要去一次,
哈哈 以后一定要去,
哈哈哈,
超级爱,一定要去
一定要去,
迪拜走起,
真66666,
这个可以呦,
你在祸害我 马云爸爸知道吗,
全球最大的购物中心，原来在迪拜,
超级爱的,
我感觉我活在这个世界上是怕有钱人孤独了跟他们做伴的,
赶紧去吧我不行了,
爱得无法自拔,
我在那买了最多就是那个巧克力，真的很好吃,
巧克力中的爱马仕,
我去！迪拜捡垃圾，都有人抢,
我抢不过他们,
我也想买,
我步行过去了,
一般都几月份打折求提示,
主要的的有人民币吖,
好想去，有没有同感的,
大收藏,
听听就好了，我觉得太奢侈，有钱也不能这么花,
妆容好美啊,
哼，我缺的是烦恼么，我缺的是钱,
哈哈，缺的不是迪拜购物中心，缺的是钱！,
没有什么是买买买解决不了的，关键是我包缺一样东西,
缺不缺拿包拿塑料袋子的 我报名,
天呐，一定要赚钱，去买买买,
事实证明没有钱解决不了的事,
买不起,
我只能望尘莫及,
听听就好了，我觉得太奢侈，有钱也不能这么花,
哇哦，一定要去,
太奢侈,
使劲赚钱买买买,
走,
我都没坐过飞机，中间终于机会坐了，硬是让我妈拦住了，怕我回不来,
你们还都敢去我连飞机票都买不起,
你在骗我去迪拜捡垃圾暴富吗,
买买买不是问题，只要问题是莫得钱钱买买买,
我要去啊啊啊啊啊啊啊啊,
30%-40%off是六折到七折哦 这四舍五入是不要钱,
陷入沉思,
繁子怎么办太喜欢你了，你怎么这么美呢？完了我一个女生都迷上你了。,
不是写着30%off 而已吗 7折啊,
我想说的是30％ off是7折啊,
想去,
看到好多一直在说30%七折的问题 emmm有点醉 小姐姐不要理他们 玩的开心最重要,
首先，我们需要钱$_$,
头上一块布，迪拜我首付,
去过,
我妈每次都忍不住，，，,
刚打开视频一共两个赞，没有评论没有转发，看完视频七百多赞，八十多评论,
我刚从迪拜mall回来，根本不打折,
对不起，没钱,
静的快乐,
麻烦谁告诉我一个比如LV，GUCCI，爱马仕，这些品牌在这个商场一般哪个季节打折我好过去,
水族馆,
莫奈是个品牌吗,
@凌晨三点,
我去过,
打折季在什么时候,
迪拜,
换算一下人民币就知道了,
奇怪了，我当时去的时候研究地图，除了丝芙兰和一个药妆店，一个化妆品柜台我都没看到，dior beauty也是在建,
去过,
3折,
我要发财了,
过去,
打折一般在什么时候？？？,
，,
刚刚十天前迪拜贸回来。LV万年不打折的。买了2个包。各种大牌根本没折扣不过比国内要便宜10个点左右,
贫穷限制我的想象，想象不到的生活,
有钱真好,
什么颜色口红,
什么歌,
先攒够飞机票再去,
啊我要去,
每次去逛都会迷路,
最亮的妞给我打包带回来,
这么便宜,
小姐姐，你的耳环超好看，超级喜欢,
裙子好漂亮,
在哪里买的？？要回复我呀,
长的也不错啊接广告怎么一份没捐,
go,
哈哈哈 爽歪歪,
想要繁子同款珍珠耳环,
姐姐，你也蛮有钱的啊,
我们一定要去一次！！！,
繁子小姐姐我真的超级喜欢你的视频，亲身给粉丝实验，真的超级宠粉,
我哪都想去，只是经济实力不允许,
没有什么烦恼是买买买解决不了的,
我想 买 买 买 我的梦想就是花不完的钱，买不完的奢饰品,
冲冲冲,
迪拜捡垃圾暴富是真的不？,
现在都不能乱跑,
！,
耳环好看,
连我都心动了,
奢侈品呀,
真想去看看,
问题来了，钱从哪里来,
管它打几折呢！有钱才任性,
没钱就瞎看,
反正不给钱,
30%off是打七折的意思啊,
我都无力吐槽了，20%是八折好吗？没人说这事吗？,
我只能在这里看看了,
太吸引人啦,
我......,
,
加油,
有钱真好,
我感觉我们又可以了去迪拜捡垃圾吧,
刚去完，东西比国内专柜还要贵！,
什么时候来的啊,
说得都想去迪拜旅游了,
买买买,
美女几月份最低折扣,
耳环好好看，求推荐,
有钱就是大爷,
去迪拜捡垃圾吧,
买买买，没什么没有买解决不了的,
也想去……,
我决定了以后我的化妆品都要去迪拜买,
努力挣钱，争取下次去能满载而归,
可以的,
开眼界了,
我这时候希望我是小说中的女主,
贵不是奢侈品的错，是我的错！,
你不用戴头巾吗？,
迪拜来耍,
买买也是需要……都懂的,
有烦恼 没钱,
有钱了去哪都好,
一流的br冰淇淋超好吃 每周一次！,
想去,
什么高大上的购物中心呐,
迪拜真的免签呀？,
我也想去,
繁子，你的声音跟恋与白侍从妹妹的声音实在是太像了,
而且里面随时随地能见到中国人买买买,
感觉逛起来好累啊,
能踩平衡车吗,
喜欢的,
冷冷清清，跟我们县城这边万达一样,
喜欢你,
认性的走起,
太棒了,
我打到粉丝10W马上去,
包包真好，香水真好，都不如有钱真好,
好喜欢,
没有什么是买买买解决不了的,
有钱真好，可以买买买,
有钱人就是这么任性,
你牛，带我们看到了这些超好的东西,
逛街了，走起,
去迪拜做乞丐吗搭个伴,
不要再说了，我要养家糊口的,
作为一个女孩一定要去一次,
啊啊啊啊，我要去买买买,
3-7折这个区间,
tie me down,
有钱就是好,
有机会见识一下就好了，买买买就,
我要嫁个有钱人，我要买买买,
好美,
场面这么大，我想去看看,
LV和欧洲比价格怎么样,
钱没了,
看的我又想买买买,
拼了命要去买买买,
小石头,
土豪国家 晚上去做个梦吧,
这个地方我也去过，很怀念。,
有钱人就是这么任性,
你在骗我去迪拜捡垃圾暴富吗,
我想说，贫穷限制了你的想象力，,
从现在开始攒钱了,
只能在手机上饱眼福,
哇塞 太吸引人了 想去,
努力赚钱啊,
我要和你一样买买买,
没钱，有钱我也想去迪拜,
买买买买买买,
在哪里买是我的梦想,
我想去迪拜很久了，现在阻碍我的是没钱买机票,
没钱去,
前提是先攒个机票钱,
我不是缺机票，我是缺去迪拜买买买的钱,
一定要好好努力挣钱 去过自己想要的生活 买自己喜欢的东子,
豪华的地方 也就再视频上电视上看看了 贫穷限制了我的想像,
香水没你香,
哇,
谢谢博主，这个购物导向太全了，再次谢谢博主,
气派,
我要去,
香味很不错,
免签，我有听错吗，真是太惊喜了,
买买买,
迪拜对中国免签,
我想去迪拜捡垃圾,
哇撒，刚想去迪拜,
好大的商城呀,
太美了太美了,
一定要去买买买,
繁子，你怎么可以这么美丽，太喜欢你了,
我想知道迪拜为什么会这么有钱，是因为印刷的钱多吗？,
好高大上啊,
李沁,
刚刚这里回来！迪拜值得去哦,
梦想一定要实现,
好啊,
买买买！等有足够的在去买,
有钱真好,
,
这下看上去也没有想象那么夸张了,
走 咱们全部去迪拜,
迪拜，我也要去,
买买买,
好美，就是口袋不够多，我先看看,
骗我花钱,
迪拜 很多人的梦想,
买买买,
买买买，首先要有钱,
哈哈哈,
真的免签吗,
要去要去,
见识了,
zyyyxy,
买买买。 除了看到的全买了,
我好像看到铁王坐！,
我们一起去,
请问美丽可爱的博主，几月份打折呀？,
求BGM,
厉害了,
这耳环太美了,
带起来超大牌,
羡慕羡慕还是羡慕,
我要去买买买,
30％-40％off的意思貌似是六折到七折,
这个一天下来怕是走掉脚板皮了,
小姐姐的妆好漂亮,
买买买,
我去过了哦，,
一定要去一次,
哈哈 以后一定要去,
哈哈哈,
超级爱,一定要去
一定要去,
迪拜走起,
真66666,
这个可以呦,
你在祸害我 马云爸爸知道吗,
全球最大的购物中心，原来在迪拜,
超级爱的,
我感觉我活在这个世界上是怕有钱人孤独了跟他们做伴的,
赶紧去吧我不行了,
爱得无法自拔,
我在那买了最多就是那个巧克力，真的很好吃,
巧克力中的爱马仕,
我去！迪拜捡垃圾，都有人抢,
我抢不过他们,
我也想买,
我步行过去了,
一般都几月份打折求提示,
主要的的有人民币吖,
好想去，有没有同感的,
大收藏,
听听就好了，我觉得太奢侈，有钱也不能这么花,
妆容好美啊,
哼，我缺的是烦恼么，我缺的是钱,
哈哈，缺的不是迪拜购物中心，缺的是钱！,
没有什么是买买买解决不了的，关键是我包缺一样东西,
缺不缺拿包拿塑料袋子的 我报名,
天呐，一定要赚钱，去买买买,
事实证明没有钱解决不了的事,
买不起,
我只能望尘莫及,
听听就好了，我觉得太奢侈，有钱也不能这么花,
哇哦，一定要去,
太奢侈,
使劲赚钱买买买,
走,
我都没坐过飞机，中间终于机会坐了，硬是让我妈拦住了，怕我回不来,
感觉真的蛮棒的,
我觉得非常的不错,
很喜欢你的作品啊！,
具体位置是在哪里的？,
这个真的很不错的呀,
一打开抖音，就刷到了里,
有机会要让我男朋友带我一起去哦,
有没有什么特色？推荐一下,
这个真的是太棒了,
你的嗓音真的很好听,
超级喜欢这个地方,
你真的太棒了,
有机会我一定会去的,
哎呀，我觉得这里真的可以,
这里真的是非常的不错,
谢谢你的分享,
把这地方真的太棒了,
我觉得真的蛮不错的，一个地方,
这个确实可以的,
这里看起来真的非常的不错,
明天去应该穿什么衣服,
有果呀呀嘛,
冷死了,
这里有海底捞嘛,
电梯都不开，从车库到商场全靠爬楼梯，真的是无力吐槽 去了一次体验感极差，再也不会去 带小孩的，有推车的朋友们就别去了,
唉,
你说巧不巧，我就在隔壁写字楼上班，窗外就是江景,
昨天去差点没被风送走,
哪里是唯一的临江，方圆会也临江啊,
没啥逛的,
什么烤肉？,
好棒,
快看,
喜庭,
你们去的是不是这里,
等你回来，我们去那边玩玩,
明天去这,
去过了,
去不去,
去过没？,
这里没海底捞离你那好近,
够够够,
又多了个打卡地方,
等你来去逛,
冲啊,
想去吃爸爸烤肉,
这个有点适合我们,
我去了 就在我这,
在那里住了半年,
,
,
,
,
我想去,
你喜欢不,
真的必去 离我们家近,
,
我们去,
陪我去,
还没去过,
,
,
去！,
没去过,
开业了,
啊,
,
,
,
椒,
,
,
,
,
,
,
,
想去！,
,
,
,
@,
,
,
@,
,
,
,
,
漏漏漏漏,
我不管陪我去！！！,
,
我就才刚刚在地图搜了这里 抖音就推荐了 这就是大数据,
还不错哟,
@司司：能不能管一下你们的玻璃和撞死的鸟！！！,
杜比声呐增城也有啊,
难道增城不是广州的嘛,
在这里吃喝玩乐，可以愉快耍一天 哈哈,
那天刚好偶遇到了,
我月薪3字头有机会吗,
马上过去偶遇你,
我家对面，但是这孔雀在哪里,
吃喝玩乐在广州,
包场电影,
吃那么多长不胖秘诀是什么,
挑战赞比啊乐多,
不知道为什么有一刹那长的挺像薛之谦的,
白云汇，我早就去过了，跟你说，它附近还有个安华汇，那里也挺好玩的,
是约会的好去处,
十一层一天都逛不完,
看着真好吃啊，口水直流。,
我前天去怎么没撞见他,
真的适合约会呀，特别的好玩。,
,
白云汇去过,
太好玩了，真的特别开心。,
这个月薪三千的我有关系吗,
经常去，就我家附近,
,
白云汇还有孔雀,
裤子啥牌子，推荐下，看到很多次了,
谢谢,
好吃,
有幸见到啊乐背后的男人,
真的有11层吗,
六楼哪家寿司店超级棒,
这个好,
这里的小孔雀真的好看。,
这里环境好，吃的开心。,
这里真的适合情侣来打卡。,
真的想去这里看一看，太好了。,
商品食品应有尽有,
吃饱喝足，下一站接着玩,
小哥哥吃的是什么？这么好吃,
周三会员日我要去打卡,
这里的小动物，好可爱呀！,
在这里面，可以尽情的吃美食。,
哇塞，我好想去但是没有空。,
这里吃的好多了。,
,
阿杰的店,
好尴尬,
昨天我们就去了这里真不错,
哇，吃的玩的太给力了吧。,
不仅好吃，而且还特别实惠。,
哇塞，这里的美食简直太有颜值了。,
这个购物中心真不错。,
这个地方改天我也和朋友一起去。,
疫情结束赶紧去。,
这里我经常去啊。,
我也想去这里看看。,
广州最好玩的地方。,
人气很旺啊，我也要去逛一逛,
这是我最想去的地方。,
我也想去这里看一看,
吃喝玩乐可以耍一天,
这里吃喝玩乐为一体，真的不错。,
逛街就来这里,
这就是我想去的地方。,
好吃的好玩儿的，真给力,
白云汇广场好大呀,
我都吞口水了,
看起来是超级的好吃,
我也要赶紧去看看,
改天去这个广场逛逛。,
这个广场还真的不错,
海珠中影喜遇所有厅均为杜比全景声,
有空就去这里玩儿，真不错,
这里的环境真的挺不错的,
等明天放假了就去这里,
白云汇广场真的很好玩。,
真是一个打卡的好地方,
愉快的一天开始了,
这里还真的是性价比高啊。,
有时间也来这里逛一逛,
感觉这里特别适合拍照。,
真的很想来这里，品尝一下这个味道。,
哇塞，好安逸哦,
吃喝玩乐都有真好,
约上朋友一起去,
有空我也去逛逛,
这里的美食非常好吃,
想去看海底世界,
这里的环境挺好的,
约上小伙伴一起去打卡,
非常适合打卡的好地方,
这个看着真的非常好吃啊。,
不错不错必须去打卡,
里面环境还挺不错的，冲啊,
一共有11层呀。真的吗,
吃喝玩乐都齐了，冲呀,
在哪的啊,
约朋友一起去打卡,
白云汇还不错，环境很好,
不错必须去打卡,
周末就去，又一个遛娃的好地方,
这家美食真不错,
带我去,
也就电影院还不错,
,
,
吃顿好的,
走起,
阿乐玩得开心的样子令人羡慕,
我也想去,
什么鞋,
饿了,
我马上赶过去,
第一,
你也买巴黎世家了,
翻,
第一名,
,
,
,
商场全场近200个品牌,
都有类似这样大折扣产品,
活动落地倒计时最后三天,
欢迎业主朋友今天来商场了解,
#居然之家广州家居生活MALL,
,
很想来这里玩呢感受深刻,
现在我就去心动了。,
有空也去这里看一看,
有空就去这里，真的挺不错的,
这个地方的消费贵不贵？,
这个地方真的特别好玩。,
确实不错好吃的好玩的都有,
我可不敢评论了，上次来了个神评，2万多赞,
手机响了几个月,
媳妇以为我有外遇了，打了我一个星期,
具体位置在哪里想去打卡,
冲冲冲啦,
十一层,
我最高怎么去过五层,
姐姐去不咯,
这里真是太好玩了。,
这个地方还真心不错哦。,
吃喝玩乐，这里都有,
真是一个好玩的地方,
这里玩的真的很开心。,
真是一个宝藏好地方,
帅哥，可以发一下位置吗？,
这家店不怎么好吃啊,
而且总共就五层,
居然之家,
广州家居生活MALL,
诚信3・15居然放心购,
活动火热进行中・・・,
欢迎广州业主到店了解,
居然之家,
广州家居生活MALL,
诚信3・15居然放心购,
1000000购物补贴券,
更多优惠欢迎到店咨询,
居然之家,
广州家居生活MALL,
诚信3・15居然放心购,
3000000补贴普惠羊城,
欢迎广州业主到店享受优惠,
这里看着很好呀,
感谢宣传灯花巷，这是我们团队历经几个月倾心打造的，这个项目爆火，欢迎大家去参观打卡哦,
这里布置的太漂亮了。,
国庆快乐幸福安康，万事如意,
祝老板生意兴隆。,
哇塞，我觉得这里还挺不错的，挺适合打卡的呀！,
这里太好了祝生意兴隆，财源滚滚,
这个地方我想来这里品尝一下,
秦皇岛兴龙广缘，真是好地方,
10月1号与你相约,
哇哦很不错快快乐乐开开心心,
这里感觉还挺不错的呢，有机会我要去这里打卡。,
这个地方看起来好漂亮啊,
请问一下知道赵伟吗,
开头的bgm是什么,
,
,
我丢， 顶上的摩天轮可以坐,
,
嗷嗷好看,
没给我挤死了,
看起来档次真的很高啊！,
哇塞，这也太美了吧？,
,
开发了,
我家离广缘很近,
,
咱俩回去吧,
,
离俺家没多远,
小助理给我查查真的呗,
太好了吧,
这个地方看起来非常的漂亮 。,
这是什么地方好想去,
这个地方看着还是挺好的哦,
这地方环境非常好，快去打卡。,
真的真的很好，好想去,
这首歌好听喜欢听,
这里看着真不错我也要去打卡,
这里看着还挺壮观的呀,
恭喜开业，红红火火发大财，开业一定去,
开业一定去打卡,
这个购物中心这么大呀，里面还有美食。,
这看起来真不错哦不错,
感觉装修好特别呀，有机会去玩,
好性感的妹子呀，这是去哪里打卡了？,
十一开业是不是会有很多活动的,
,
,
,
一起去吧,
我们想象的商场真的来了,
我家房子刚好买在这附近,
哎呀！有一点想去！,
现在试营业了吗,
我也想体验,
这是在哪里，有机会我定要去,
现在在什么地方呢昂,
感觉很不错，也想去看看。,
这个地方好好啊 好想去,
感觉拍的真的是不错,
这里真的太漂亮了，好想去,
感觉装修好特别呀，有机会去玩,
恭喜开业，红红火火发大财，开业一定去,
这个国庆节就可以去了,
秦皇岛现在好像不能下水了 那边我去过好几次了,
这是什么地方啊我也想去打卡了,
好性感的妹子呀，这是在哪里打卡？,
这个地方不错啊,
这个真的很好，国庆节想去,
,
,
,
,
,
,
这里的设计挺好的呢，很高档,
这么好玩的地方，好期待开业呀,
,
人景都美,
我真的都想要去这里了。,
真是一个好地方啊，不错哦,
这个地方一站式购物真的很好,
skp我都不敢进,
momopark可以换做北郊的熙地港或者朝阳门的益田假日世界或者西咸万象城，或者钟楼的开元,
赛歌商业太黑了,
熙地港现在人多,
熙地港应该是比较受欢迎的,
后两个人真的不算多，可以改成开元和砂之船奥莱,
老城根潮人聚集地,
老城根在哪里？,
momopark在哪？我居然都不知道,
么么帕克和老城根去的人很少,
民乐园万达2010年时的火爆,
老王,
身为一个西安人。Skp我居然没有进去过，每次都是路过而已！,
去砂之船看看，人气比大悦城多多了,
都去过，但经常去的还是熙地港大融城,
想去不,
现在 西安不是我们想去就能取得了,
先解封,
拿钱去里，是拿嘴去里,
没去过,
下次打卡,
momopark就算了吧,
北郊的汉神，不错哦,
创意谷,
消费太高了,
家,
skp我不配去,
开元呢,
去过了,
赛格逛的最多的地方,
五个都去过了,
来赛格我带你找,
第一个和最后一个是我常常散步溜达的地方,
楼下有个超市，我都不敢进去，，,
4跟5都是花钱排的,
,
,
有几个都没去过,
都经常去,
天蓬元帅也在大悦城吗 今天去了都没看见,
见了唐僧个大师兄 天蓬元帅真没看见,
skp的柜姐,
猪八戒在哪我都不知道在哪,
带我一个个去,
给你一个带我shop的机会,
砂之船那,
一个都去不起,
我在北郊上学的时候熙地港大融城经常去，现在在高新区上班，就不过去了太远,
幸福林带环球港,
老城根确实很不错哦,
爱了爱了,
北京10年之前就有了,
,
去过第一个,
大融城 熙地港,
曲江创意谷不是盖的。,
哈哈都去过,
很美,
momopake我是见证从没人到现在人超多，挺好的商场！刚开始的时候真感觉这个商场废了,
作为西安本地人，只去过SKP一次，还是开业好几年买了一次粉底液就出来了,
，还是喜欢去赛格,
一个都不去，只去奥莱,
momopark有点勉强了,
赛格购物中心,
老城根？？？哈哈哈哈哈哈,
吉祥村,
没去过啊，现在只能网购淘一淘了,
从来没有去过skp的集合,
第一名是西京医院,
大悦城一般了,
从没敢进过skp,
我就在momopark附近上班，真的挺令人失望的，没什么转头，曲江那么多环境不错的商场竟然没上榜,
你去过几个,
小寨赛格广场里面还有拓展训练么？,
高新的中大国际呢,
东郊和西郊没有一个,
么么帕克和老城根还没去过，周末去逛逛,
你漏掉了砂之船奥莱购物中心,
大明宫万达，熙地港，大融城，印象城，万象城，开元商场，骡马市，沃尔玛,
最后两个还是省了吧,
SKP不是一般消费者能逛得起的啊！,
说句实话我还真没去过,
西门王府井,
我在西安打工20年，你说的地方都没去过,
奥莱？,
赛格就是没有电影院,
我是不是给西安人丢脸了？我一个也消费不起,
一楼的店面里面都是一条链子最便宜上万起步的,
喜欢赛格,
第五个在那里,
在南门，,
我哪个去不起,
美中不足就是没有说在那里。,
老城根,
我怎么不知道第五个在那里,
,
@,
,
SKP,
,
,
疫情紧了，一个都不会跑。,
skp进去被价格吓得连门在哪儿都找不着了,
我觉得我可以在西安待两天,
我们一看西安火车站就够了,
！,
,
只去过赛格,
钟楼世纪金花呢？王府井呢？开元呢？不算吗？我在那里购物有十几年历史了，个人感觉赛格太乱了，品牌杂,
竟然没有熙地港,
幸福林带,
未来肯定有电视塔万象城＋万象天地 小雁塔太古里 南门合生汇 钟楼世纪金花 凤城五路世纪金花等等太多了,
西安有来福士吗,
我穿拖鞋能去不,
这个很难，上半年营业额才4.38亿，如果不重新大改造几乎不可能重生,
正大的屋顶不太可能改停车场，周围这么多超高层观光厅，往下一看就看到屋顶停车场。,
主要是上海近年新开太多商城，而且大部分地铁直达，正大几乎没有多少优势了,
免费停车就有人流,
内部设计和上海港资商场明显差了很多,
09年的时候还挺火的，18年去感觉好冷清,
地下商业太少，地上太多，现在上海人都不喜欢往上爬,
大佬，什么时候挑一个河南的商场解读一下,
可惜了，捷得设计的,
十年前去逛感觉挺好的，现在确实有点旧了,
哈哈哈可能正大集团要邀请你去改造了,
最主要停车是否有优惠，在上海停车费太贵了，特别市中心的商场，就我而言如果有消费免停车费话去浦东陆家嘴一带会是首选,
其实人流量非常大，真的是没运营好,
高达基地！,
里面的电缆放线，我在这做了八天，天天加班，感觉太大了，每天在香格里拉酒店墙脚吃盒饭,
商场动线设计太诡异，而且由于年限早，整个商场灯光昏暗，很不舒服。,
我上个月还去买了一双鞋，打5折下来就799元的羊皮高跟单鞋，穿了几个小时前面就刮坏了。,
从小玩到大的地方,
我跟你说为什么，他的定位客群根本不住在周边,
刚来上海的时候特别喜欢逛，但是这几年没落了,
停车费做出让步马上有人气,
芜湖的八佰伴也是10层，B2B3是停车场，还有一个停车场在7层,
之前一直半死不活的，后面找来泰国大师改过风水，后面人气起来了，现在不知道是不是因为明珠环岛导致风水有变，可能还要再请大师了,
昨晚去吃饭，人山人海，平均排队一个小时以上。,
四面神，你没讲啊？,
要重新装修重新规划调整 几十年如一日没新鲜感了 其他地方新开的有很多 就不一定来了,
有可以看黄浦江的餐厅就很nice啊,
停车费比国金还贵,
零几年上大学第一次去的时候，感慨真的好大啊，现在有点没落了,
07高中年第一次来上海 就去那里玩了 当时不知道叫什么 觉得好大 我好土,
以前明星签售会都在正大 真的很火爆,
并没有觉得重生,
以前全是人里面，,
好多年没去正大广场了,
经,
我上班的地方,
南京河西金鹰也十几层,
这么好的位置，真心可惜了,
希望老板看得到,
其实我觉得正大的空间挺舒服的 层次感和尺度感都不错 走在主动线上甚至有点室外的感受 比现在的“主流”盒子强太多,
听起来是有些亮点的，希望能调整一下,
这个商场这么好的位置不能垮！,
停车免费就可以了,
汽车坡道要绕到十层楼屋顶，要绕晕了……,
几年没去这都冷到极点了！,
以前央视的正大综艺也是这个集团,
喜欢这个商场,
建议给嘉定新城的商圈一些建设性意见，周围不缺人，但人气差，比如嘉定西，嘉定北,
15年前第一次去正大广场，感觉很震撼,
其实同样旧旧的广州正佳广场 却是广州顶流 只能说上海好的商场太多了 内卷太严重,
就真的不像上海的商场，更不像上海这个位置的商场,
十层商业体还有海口的友谊阳光城,
去看看七宝万科吧,
成我们的上班族的食堂了,
可以看看看看七宝万科,
刚开业那会人多的来，进去也感觉大的不得了，现在看看不行了,
毕竟20年了，外立面好像一直变动不大。而且里面真的不好逛，一个字“乱”,
个人非常喜欢正大内部空间布局，感觉比恒隆还丰富，却颓废的这么快！,
看外立面这么古老土旧。完全没有想进入的欲望～,
十五年前我最喜欢的商场之一 因为上班离的近 那会还没有天桥 商场生意还是很好的那现在这么没落了,
以前人气还挺好的呀,
上海商业综合体太多了,
去年去了一次，有很多店都关。了,
帮帮西安立丰lecity吧,
看到我们正太的屏幕了,
10年前觉得挺高级的,
想看看南京的保利大剧院,
正大综艺,
造完的房子屋顶怎么参考改成屋顶停车场？,
讲的很全面,
太棒了,
杭州国大好像也是地上十层,
说了都简单,
16年前在附近工作，日日午休过来人山人海,
我感觉 这几年一直在装修….. 而且 有点老了,
美罗城也不咋地，最近刚去，逼仄的空间，也没多少人逛。没意思,
陆家嘴：,
高大上看国金，,
大众化看正大。,
学学广州正佳广场,
曾经在上海上学时经常会去，也很喜欢去，在我的印象里2010年之前人真的很多，第一次见萧亚轩就是在正大的签唱会，位置绝了,
这个位置太牛逼了 ，没运营好 加上时间太长了,
我们这边的正大厂区 好萧条,
曾经的正大广场，也没有像现在这么如此萧条！,
以前人流量蛮大啊，2013年前后都还可以，2015年以后好像越来越萧条，上海商场太多了，环球港起来了，才开有几年也没什么人,
大家都去隔壁国金了,
第一次逛的商场，印象很深,
回天o力,
基本都是游客逛一下，连外地常住人基本都不会去，更别说上海人,
洛阳也有个正大广场，没啥人,
进去绕来绕去差点没绕出来,
什么都是假的只有穷才是真的,
当你在探讨改造时，人家正大想的是有没有人把正大买下来,
浦西的江湾新城还是不错，环境很好,
现在上海未来还要看浦东北郊号称小陆家嘴,
每次去上海都要去的商场，眼睁睁看他越来越冷清,
以前生意是真好，就这五年不行了,
五角场也没落了，没啥人气了,
想想当初多繁华,
最早04年去过，当时很惊艳，以后每年去上海都要去逛一逛，吃吃饭什么的。萧条也就是这几年的事，最近一次看到洗手间的天花板漏水，觉得有点凄凉。,
去过几次，感觉周围上班的人不会来，八佰伴后面的居住者不会过三件套过来，游客也不会来，这就很尴尬了。,
人家不会再投资啦,
很难，上海的城市太大了，商业太发达了，城市广场太多了也太大了，二千万的人口城市可容五千万都有余的商业场地，想生意好难,
当年租金那么贵 把牌子都逼走了 怪谁呢,
原来人气挺旺,
内部太大了,
2010年去的时候是门庭若市,
你来了，,
九几年建的，那的时候工资才30,
有钱人太少了没办法，百分之1，人多就怪了,
淮南牛肉汤都进来了？,
陆家嘴最亲民的了,
不是说正大广场的风水不好吗？,
地段是上海最好的地段，一副好牌硬是被打成了烂牌,
虹口龙之梦在虹口足球场地铁站旁边,
+村是合肥的啊,
原来有这么多的野猫,
讲的真好，不墨迹,
把钱放在共享空间的业主，远离了低级趣味,
我在大良和容桂就发现，大良新都汇和海骏达的电梯设计得比较好，比较好逛，万达的不合理，去了一次就不想再去啦,
伍总拍视频甘专业，点解头像又甘招积,
商场逐利是必然的，但消费者分两种1.带着目的性的2.非目的性的（对于有目的性的消费者需要的是更便捷的达到目的）（对于非目的性的消费者他们也会更倾向于有更大共享空间的商场） 而这是一个节奏快的流量时代。,
太舒服了 没有一句废话,
这才是大神，一口气介绍不间断，知识丰富啊,
身处广州，十五年前的大商场就是你说的第一种，十年前的是第二种，这五年开业的万达，都是第三种了,
第一种现在成了服装批发街，第二种仅剩下首饰店，第三种现在挺旺的,
讲得好快 头脑好犀利,
之前还看到有人说天井基本都能打开大部分玻璃，这样就能当室外申报，消防啥的要比室内少花很多钱,
大佬你的过敏好了啊，看起来,
是真的 很多上楼 就要绕一圈 恶心,
我的高中教学楼就有天井……原来还有这种玄机,
好遛娃的设计也是必须考虑的,
哈哈哈 在宜家 我逃都不知道该怎么逃,
长知识,
医院的上下扶梯就不用转半圈,
那叫中庭,
成都大悦城公共空间就修得好，还能带狗。,
厉害了,
你是我第一个不用倍速的博主，清晰又不烦躁，关注了,
请多多出视频，辛苦了,
现在网红商场就有很多共享空间,
小寨,
好喜欢这种不讲废话只科普知识的博主。。。,
强制动线有时候也是迫不得已啊,
,
长知识,
广州K11的超大鸟笼,
只要商场够大 哪种设计都会迷路。记得好多年前去香港海港城，差点没走出来,
以前老的商场就是强制性走一圈，满烦的。电梯都好难找。现在的商场好多了～～,
学到了,
,
有的图书馆为什么也做天井,
,
,
,
学知识,
那是因为采光通风要求,
谢谢,
我这边有个大型购物中心就每层楼都有很多休息地，每层楼都有厕所，还有化妆间，抽烟室，母婴室，还兼顾到了一个人推婴儿车逛街的妈妈，感觉特别人性化，我们一有空就去逛,
涨知识了,
业余知识拓展,
？怎么想唱歌的语调,
学到了,
我就喜欢公共空间，逛着逛着可以坐一会儿的商场。,
重庆那个商场不就是,
消防省了一大笔钱,
,
,
,
来学,
有的商场把卫生间放在二楼或者三楼,
宝藏博主,
好厉害,
语速爱了爱了,
造价路过,
深有体会，二楼卖女装只有女洗手间,
奇怪的知识,
说得好,
没错！,
知道了吗,
难怪大家都爱去荟聚逛，是真的舒服，人再多也不觉得拥挤,
懂了，我特别不喜欢有一个商场，超累人，不逛完一层不能上上一层,
很长很快的视频，但看完了内容很干货，学习到了,
那苏州中心很可,
你说这是不是就是建筑学八卦易经的意义,
,
,
,
总是迷路,
拉到中间 开始看,
,
天井这么多思考我的妈,
这种理念最早体现的不是别墅哦，古代建筑就有了,
讲的不错,
我反而讨厌去有天井的商场，我就喜欢回字形规规矩矩的，这样我才不会迷路,
我脑子里想的都是华强和咱家的恒发,
救命啊我以为马子佳在说话,
我每次都是提前查好直奔吃饭的地,
我可喜欢他了，感觉他逻辑能力特别强,
涨知识了,
德基,
很多商场一楼没有卫生间,
看人间,
万达？,
航洋？哈哈哈,
洋流,
第一张照片居然是长寿县满满的历史,
增加室内通风。,
最近厦门集美新开的两家购物中心，楼上有小花园，可以休息拍照运动，喜欢去,
我也骂过,
北国好像还在低级趣味,
说道很多啊,
像那种扶手电梯，要绕一圈再上去或下去的，绝对不去第二次,
最后一张图，好像长沙的步步高星城天地,
我还以为你会说通风作用,
真干脆利落 给力,
我的精神层面已经脱离了低级趣味，但物质上还在低级层面,
,
,
太牛了吧,
你也讲这个,
明白为啥万达广场电影院那边的扶梯为啥不是直接过去的了,
进来学习,
拥挤压抑的建筑,
我觉得哈罗德就逛得很不舒服,
广西人,
,
学到了,
来涨见识,
,
所以爱琴海,
原来这么深奥,
,
,
,
样亚3,
,
,
,
我找到我不喜欢去王府井和平和堂的原因了,
太真实了，上次我们逛宜家就是，烦死了，都找不到出口,
,
好干好干 卧槽,
,
,
来学知识,
天井是为了一楼有小姐姐跳舞的时候所有楼层都能看到,
@学点,
@,
牛,
我们小时候的家就是开天井,
,
,
,
,
,
,
,
,
,
,
,
,
,
,
,
,
,
,
,
,
,
,
,
,
,
,
,
,
,
,
,
,
,
,
,
,
,
,
,
,
,
,
,
,
,
,
,
,
,
,
,
,
,
,
,
,
,
,
,
,
,
,
,
,
,
,
,
,
,
,
,
,
,
,
,
,
,
,
,
,
,
,
,
,
,
,
,
,
,
,
,
,
,
,
,
,
,
,
,
,
,
,
,
,
,
,
,
,
,
,
,
,
,
,
,
,
,
,
,
,
,
,
,
,
,
,
,
,
,
,
,
,
,
,
,
,
,
,
,
,
,
,
,
,
,
,
,
,
,
,
,
,
,
,
,
,
,
,
,
,
,
,
,
,
,
,
,
,
,
,
,
,
,
,
,
,
,
,
,
,
,
,
,
,
,
,
,
,
,
,
,
,
,
,
,
,
,
,
,
,
,
,
,
,
,
,
,
,
,
,
,
,
,
,
,
,
,
,
,
,
我们家楼下,
你这是逛了一整天呀,
家门口,
附近算可以了,
好地方 改天去逛吃,
必须的，生活必备,
这一直不火,
广告费 不便宜吧,
为啥没汉拿山烤肉,
哈哈哈哈哈哈哈,
……,
北京广安门陶宇一家人做损不给劳务费,
我也要去,
不错好地方呀,
很高兴在抖音上遇到您，天霸设计专注于城市综合体、商业综合体、购物中心、商业中心、商业街等室内外装修设计。,
欢迎合作,
姐姐，你下车走路的姿势好吊,
颜值最高就是你,
下车那一瞬间白冰即视感,
一直不知道万象天地咋变化，只知道馨月越来越索,
要是时尚大片，需要你这样漂亮的姑娘,
现在来深圳需要核酸检测吗？你有知道的告诉一下，谢谢,
深圳就是漂亮,
下车的时候掉地上就亮了,
去了一次，没钱，一个门店都没进,
你的专车吗，太豪了,
这里是深圳唯一可以下雪的地方,
身材那么好,
还是春笋那个才是yyds,
颜值再高我都感觉还是你颜值高，天天想看你,
姐姐整个春节都更新,
哪里,
我来深圳能叫我靓仔吗？,
都没你亮眼，最闪耀的星还是你,
我没逛过这里,
我只想问你还招司机吗,
人都看不见几个,
不，我只是来看你的,
陪我去,
麦吉什么时候开的呀,
主要靠那个车,
喜欢你为周董的广告,
有钱哪里都好玩,
奔驰,
这么大的车答你来,
那天你没看完喔,
大冲，万象天地,
开始在深圳搬砖了,
好像没去过,
来看美女,
没有一个猪脚饭也是说不过去,
馨月，我不认识路，你带我过去逛逛呗,
关注主播一年多了.身材还是这么好,
这是深圳哪里啊,
machi machi又不是周杰伦的,
machi奶茶每次去都要排队,
深圳疫情，你不说一下？,
什么时候跟你一起玩,
姐姐好美？,
那个是什么熊,
小姐姐好漂亮,
没人啊,
好喜欢她,
原来一开始关注的是一个颜值博主,
我在里面拉过,
粤海街道,
你这个车多少钱,
富,
婆,
姐姐好美,
英雄联盟是不是就在这办的,
南山金融大厦,
你的心也是不是这样的，每小时一变,
你不是去过这？,
磬月：,
：,
怎么都感觉跟王府井 南京路差点,
小姐姐没回家过年嘛,
深圳有我的景浩吗,
不冷吗？,
我每天都去溜达也没觉得有什么特别，怎么看你这么一介绍就显得更加高级大气了,
馨月漂亮,
东风不与周郎便，,
南下去开奶茶店,
周董是周杰伦吗,
带女朋友去，我没有女朋友,
你是深圳最亮的仔,
我就想天天看到你,
你的心像这条街一样善变么？,
那个是什么车啊,
没去过,
想去,
小姐姐太漂亮了,
越来越漂亮了,
这我有点爱,
天天都在那里,
你司扛鼎之作,
好美,
我来深圳打工的，你竟然教我来深圳打卡,
我是来深圳打螺丝，不是来渡假,
我来深圳是打工的，不是来打卡的。,
并没有,
以后建议不要去,
馨月你的42汲ね热ゲ热轮，保证3天破500w粉丝@,
奈雪,
叫一声靓妹，可以翻我吗,
不直播，这辈子不去消费,
我是来深圳打工的，不是来打卡的,
找个班上吧,
深圳只有加不完的班，做不完的流水线，打不完的螺丝，吃不完的隆江猪脚饭,
我来深圳是打工的，不是来打卡的。,
撸啊撸,
我去也售罄了,
居然卖完了，不给你来一杯 过分,
不冷么？,
凉凉了么,
前排前排,
来了,
,
,
,
您真是美出天际,
这女人我认识，有个卖烧饼的老公，还有一个会武功的小叔子,
,
,
,
,
,
,
,
,
没有你陪的地方就算再美又能咋滴？,
大冲，我深圳的第一站,
大美女,
1,
我也要去万象天地逛街去,
昨天才去,
南山万象天地,
你会不会变红码？,
来这的都不是在南山打工的，打工的在加班通宵,
3米长的大长腿,
可以进军娱乐圈,
来深圳，去过很多地方，但这里没去过,
去过一次,
下班堵死人的地方,
要去不,
麻烦带上个口罩，不给添麻烦,
这么low炮的车，起码得埃尔法,
这女的不错,
从来不去,
可以单独出道了,
去^一次，上次被一漂亮女主路，撩了下,
古都洛阳欢迎您！,
,
,
主持就是好看，我看主持淼,
深圳从来不是娱乐享受之地,
啥都没有,
品牌档次并不如大悦城,
冬天把人冷死了,
赛格：一个能打的都没有,
不如四海唐人街,
我是真的不懂我在商场里面吃饭 点了外面的外卖 不让小哥送进来 说是疫情 但是让小哥进来取里面商家的外卖 这是什么操作？,
我要是没去过就信了,
。拉胯,
火到让人怀疑人生,
负一层是哪个大型超市？,
我感觉是长安万科广场 位置太好了,
不会不知道吧,
的确好耍,
拉跨,
全是吃的,
一开家门口堵成怂了,
网是真的差,
好像这个就是我们学校旁边那个,
,
,
至少没去过不知道是漏天的下着雨都没地方躲,
咱们打工的地方,
喜茶,
是不是这个,
这个可以,
地库像迷宫一样 去一次就足够了,
德思勤？？,
很一般,
评论区去过的人还真不少呀,
今年新开的几个购物中心 这个已经算很不错的了,
小雁塔人保拆的怎么样了,
进去一看啥都不买不起，是买不起呀大哥，也许穷的孩子有我一个吧,
,
@,
今年开的成功点的也就是万科了 虽然品牌和体量不行但在长安也算是老大了 万象天地连个鬼都没有 太乙城 盛安 广场是更拉垮 那么好的地方做成那样 也就momopark做的是越来越火,
停车场简直就是一坨,
莱安改造的，真正万象天地还没建好,
合生汇，，太古里，，，，,
西安应该在开家skp，毕竟这种类型的商场才是带动城市的核心,
快凉了,
远的一批,
在西安那里,
真不好玩,
大学城万科火的不要不要的了,
说了等于没说,
比起深圳万象天地简直比不成,
吃了份咖喱饭，50多块，比香港都贵,
去了一次 没什么特色，，，，,
屁都没有,
夏天热冬天冷，也不知道是谁设计的,
冷冷清清，何来的最火？,
停车场很垃圾,
哪里火？文案说辞要客观,
跟深圳的比差的也太远了,
咱就是说招不来商么 阿迪耐克是门面,
赛格有什么档次？大悦城也是改造项目有多高的档次？,
乱的和三国一样，地库更是像迷宫,
都模仿创意谷，创意谷模仿太古里，醉了…,
没啥特色,
品牌太差,
看样子荣盛倒闭了,
看起来不错！,
米东区越来越厉害了,
它那有招聘信息吗,
问下是以前的荣盛百货吗？马森对面？,
没成人玩的吗？,
以前的荣盛百货么,
就想知道小孩玩的是怎么收费的？,
荣盛百货早倒闭了,
这是新的老板来了,
米东区越来越好,
，等我回去好好逛逛,
位置在哪里,
有没有米东区好吃的东北菜馆 推一个,
荣盛百货？,
这里看起来不错，我和老公逛了一圈，就是华而不实，没有大品牌，如果把万达广场的品牌放进去就完美了！,
昨天打卡过了，还消费了一下,
费用高不高？,
,
,
,
我咋不知道,
哪天溜溜去,
,
,
说的是以前的荣盛百货,
这晚上营业到几点啊,
哈哈，就在真维斯专卖店旁边，蹭个热点，说抖音看到的给你最低折,
就说老板说的@米东人,
我要去,
女装超级贵,
以前的荣盛百货,
走,
不去，太费钱,
昨下午万和购物中心，,
卧槽,
为啥一年四季你都穿黄马褂呢？,
有一起去打卡的嘛,
这外套不错 有没有,
走,
是以前的荣盛百货么,
,
走走走,
那天天气冷了 过去 暖和一下身子,
古牧地路上,
我那天去了太贵了,
我把孩子放那逛街去你帮我看孩子吗,
三楼女装挺好看的，新买的羽绒服很漂亮,
针布戳，下次去逛逛,
已经去打过卡了，很不错,
@,
挺好,
万和真不错，可以去逛逛,
666,
你好帮我找生身证，:,
真不错呢,
昨天就去了一般,
朝阳雅居对面是不,
这行还近,
请问下是新爱家超市吧,
昨天刚去转了一圈，就三层,
我们已经去过了,
今天去了，孩子玩的淘气堡区69一人，幼儿园放学过去玩了一小时多就下班了,
昨天带娃去了，很不错,
瘦了哎,
,
是新爱家那儿吗？,
求偶遇,
找东北菜馆的，也许是东北老乡吧，宏达那有个老于菜管还可以,
太贵了,
昨天去逛了,
今天在米古里碰到你了,
我今天也去啦，挺好的,
我才去过,
宇哥，具w位置是哪e吖？好明天可以和老婆去看看，,
营业到几点,
几点关门,
去了买了一套衣服，羽绒服,
换了一身装扮,
就从荣盛百货变成了购物中心,
哈哈哈,
装修有特色，挺不错欧,
快回来吧,
昨天刚去打卡,
有没有好吃的自助火锅,
以前的荣盛百货,
想问问衣服为啥都是黄色,
里面东西贵不贵,
到4～5楼找我抽烟，我在上面干活,
去过了，挺不错的,
就是爱家超市上面,
在那呀我们也去呀,
开业那天在现场看到陈宇本人了，很帅哦,
人帅，地好！,
,
,
,
,
,
,
go,
,
,
开了,
,
走,
,
,
你们都说他没有SKP高端，看看我最新的视频,
作为一名西安人 我咋没感觉赛格这么牛呢,
说的我,
开X5都不好意思去,
老板很有实力，听说此地以前是某大学学生宿舍，能让大学宿舍，变成商场牛,
西安人表示大可不必，就一商场而已，没必要尬吹。,
转的都不爱去了，,
啥烂怂地方，时尚感辣子。恨不得把所有消费群体钱都赚了。感觉就像城中村的高端购物商场一样。就占了个地段。,
我一般都坐236路过去,
这还多，胖东来一个小商场，一年还吸金五十亿呢？,
亚洲最长扶梯？你来重庆看看,
谁说的。我坐公交去。最高档次也就骑个电动车。它也没说不让我进,
77部扶梯,
去年王者荣耀吸金295亿。,
太完美了，自家房子建成这样更美了,
我经常坐地铁到这儿来逛逛，然后买个皮筋发卡就回去了,
能不能先告诉 赛格卫生间的护手霜哪里能买？,
还有这个,
放心，今年赛格亏惨,
补丁楼？,
,
谢非是英国第四大城市,
这里电车几站就到了....是你不知道吧……,
都不带口罩么,
但这的东西真的超级实惠,
好怀念的谢村,
长得有点像高圆圆,
早上先去那个最大的屏幕看个电影，再去逛街吃饭。那个专门吃印度咖喱的不知道还在不在，以前经常吃,
坐tram不就行了 商场都逛了hhhh,
哈哈，我在谢菲的时候经常逛那,
tram的起始站好像,
有tram可以往返吧,
谢菲的？,
谢村的卖的好，好怀念！,
咱说有小火车4.4磅包来回啊,
买车,
博主在谢村吗,
丁俊晖喜欢去,
有没有在new era 的,
是谢菲！！！！,
谢非周围的大商场,
我的最爱,
好停车,
格姐肯定喜欢超喜欢购物,
买得好不是说药拆吗？,
疫情没结束大哥！！！,
我楼下就有电车站，nertherload road吧，直接坐几站地就到了，挺方便的。,
神童王国那几个项目就快100了。木马20，套圈20吧，我说的还是会员价。还有什么也是20左右。所以，这种视频用点心。,
这个车充卡开一下就要88了,
那个自助，真的没办法说！,
商贸城那个卡丁车是在几楼呀,
你就说实话，自助餐里面有啥,
小龙坎菜都是馊的,
商贸城没有吧………,
难道我去的义乌商贸城和这玩意，不是一个地儿,
已经超了,
范范你这个包哪里买的,
未来男朋友？？？？还单身吗？,
怎么跟我们去的不一样,
为什么我昨天去五十九,
希望商贸城购物中心越来越好,
范儿,
,
,
新地方,
,
,
？？？,
商贸城,
我在商贸城呆了五年，竟然没有发现这么繁华,
还这多么多经济实惠的,
商贸城什么时候变这样了,
我来评论区确认一下，这真的是蚌埠义乌商贸城吗？,
那个唯京汉风去过，还不错。对得起价格。,
怎么和我们去的不一样,
电影票是在哪买的,
拍的都好玩，去了不好玩,
我上次去和这差不多,
带你去义乌商贸城,
就是这个地方，这来有个小区以前我住过的,
真会哈,
“　闭飧鲎种挥欣习霾喝瞬胖道怎么读,
为啥我每次去吃自助餐都是69,
我怀疑不是蚌埠这边的商贸城,
那个抓娃娃的几楼啊,
商贸城有这么多好吃的吗,
就去那吃点玩一点就几百块老,
没有那么好，好吧,
为什么和我们那天去的商贸城不一样,
看评论,
这是商贸城吗,
真心的说 这一天下来200都打不住,
今天去了 没看到有啊,
卡丁车问过一次50啊,
带我去呗,
,
,
这是哪,
我想知道你有没有发徽州宴,
我基本天天去，没啥好玩的,
,
,
和我记忆里的不一样了,
下次去这逛,
,
,
这个是我吃过最差的自助餐了,
,
姐妹们冲冲冲,
我想去台球俱乐部,
没去过来,
可有知道晚上几点关门的，,
其他就…算了，电影可以呀！,
走起,
跟我去的不一样,
为什么没早点刷到，下次去打卡,
你是第一个，我估计也就你一个,
我每次都去五楼吃石锅拌饭,
为啥和我去的商贸城不太一样,
？商贸城？,
有徽州宴不？？？,
是商家请去宣传的吧,
台球在几楼？,
这么好,
卡丁车19.9不是吧,
为什么和我去的义乌不一样啊,
是桥北的商贸城吗？,
见过范范本人，是个温柔的小姐姐,
@,
？这里也有跳舞机,
这不是搞批发的吗,
下一个地点,
,
,
,
,
我挑战过一下午连第一层都没逛完就是这么大,
,
你看那个怎么在那个我们之前去银泰唱歌的屋子 免费哈哈哈哈哈,
商贸城有台球,
,
,
,
,
,
,
,
,
,
,
,
？,
,
,
范范数学果然不好,
,
,
,
,
,
,
,
,
,
,
去徽州宴探店一下，最近他们家的狗肉怪火，我看蚌埠全网都点名要吃他家狗肉,
打卡徽州宴,
你带我去看看徽州宴的狗和老板娘，行不？,
牛骨气不是倒闭了吗,
电影院怎么没听懂，16.9可以看全部，看一天？,
这个视频商贸城赞助的吧？所以100块钱能玩到,
商贸城购物中心在哪,
玩55、吃50、电影17,
那家自助都不能吃 肉上面都飞苍蝇 熟食味道也难吃 冰淇凌都化掉了 有的肉还臭掉了 跟服务员说 她们都默认不吱声 把我们剩的肉给倒掉了 真的是一分价钱一分货 去过一次不会去第二次的,
自助餐难吃的要死,
你说实话自助餐里面有啥菜,
你不是第一个，你这是包场的节奏。要是看恐怖片，估计都不敢进,
维京真的超级难吃，咸的J人,
那里的自助餐真心难吃，,
100块钱吃一顿，都不够,
等蚌埠老二马路从新建起来就不用往桥北跑了，看资料已经申报批准了，明国时期的风格,
,
去徽州宴探店一下，最近他们家的狗肉怪火，我看蚌埠全网都点名要吃他家狗肉,
打卡徽州宴,
你带我去看看徽州宴的狗和老板娘，行不？,
牛骨气不是倒闭了吗,
电影院怎么没听懂，16.9可以看全部，看一天？,
这个视频商贸城赞助的吧？所以100块钱能玩到,
商贸城购物中心在哪,
玩55、吃50、电影17,
那家自助都不能吃 肉上面都飞苍蝇 熟食味道也难吃 冰淇凌都化掉了 有的肉还臭掉了 跟服务员说 她们都默认不吱声 把我们剩的肉给倒掉了 真的是一分价钱一分货 去过一次不会去第二次的,
自助餐难吃的要死,
你说实话自助餐里面有啥菜,
你不是第一个，你这是包场的节奏。要是看恐怖片，估计都不敢进,
维京真的超级难吃，咸的J人,
那里的自助餐真心难吃，,
100块钱吃一顿，都不够,
等蚌埠老二马路从新建起来就不用往桥北跑了，看资料已经申报批准了，明国时期的风格,
范范数学果然不好,
好吃好玩又好逛,
买衣服 买化妆品 买首饰 吃美食通通搞定,
这种新商场我可以逛一天,
放假了带着孩子去逛逛,
我想去看看金银首饰，哈哈,
里面的东西贵不贵？,
感觉真的挺不错的，很适合去购物,
过年要老公送珠宝呢正好去逛，,
有吃的，有喝的，还可以买衣服穿,
这个地方的物价怎么样呢？,
巴适，在双流终于可以逛吃逛吃了！,
好吃又好玩呀,
这个商场确实很适合去逛街,
以后你去哪我就跟到哪了？,
对于爱逛街的我怎么能放的过呢？,
爱逛街的宝约起来,
真的特别棒，这个地方越想去越想去啊！,
马上快过年了，去屯点好物,
你的每一次推荐都有认真在看,
我也想去了呀，看完就心动了,
感觉是真的很不错呀，非常喜欢,
嗯，这个地方真的很适合逛街呀,
一应俱全,
,
,
,
,
我看他说了半天，为什么不介绍负一楼的帅哥,
那边的东西贵不贵呀？,
一定要去,
逛街好去处，好吃的好喝的应有尽有,
跟姐妹逛街好去处,
美好的地方逛吃逛吃。,
去逛逛太好了,
好棒的地方，吃喝玩乐一条龙,
买衣服买衣服买衣服买衣服买衣服买衣服买衣服买衣服买衣服,
真的很好呀,
价格真是不贵呢，应有尽有，好划算。,
快过年了可以去逛逛买买买,
又是一个好吃好玩的好地方约起,
呀，金银首饰都有,
去这买东西，一切都能买齐,
这真是个好地方,
过年了去这购物吧,
小姐姐推荐的地方果然很好,
感觉真的很不错，分享都很喜欢,
这里看着很好呀,
感谢宣传灯花巷，这是我们团队历经几个月倾心打造的，这个项目爆火，欢迎大家去参观打卡哦,
这里布置的太漂亮了。,
国庆快乐幸福安康，万事如意,
祝老板生意兴隆。,
哇塞，我觉得这里还挺不错的，挺适合打卡的呀！,
这里太好了祝生意兴隆，财源滚滚,
这个地方我想来这里品尝一下,
秦皇岛兴龙广缘，真是好地方,
10月1号与你相约,
哇哦很不错快快乐乐开开心心,
这里感觉还挺不错的呢，有机会我要去这里打卡。,
这个地方看起来好漂亮啊,
请问一下知道赵伟吗,
开头的bgm是什么,
,
,
我丢， 顶上的摩天轮可以坐,
,
嗷嗷好看,
没给我挤死了,
看起来档次真的很高啊！,
哇塞，这也太美了吧？,
,
开发了,
我家离广缘很近,
,
咱俩回去吧,
,
离俺家没多远,
小助理给我查查真的呗,
太好了吧,
这个地方看起来非常的漂亮 。,
这是什么地方好想去,
这个地方看着还是挺好的哦,
这地方环境非常好，快去打卡。,
真的真的很好，好想去,
这首歌好听喜欢听,
这里看着真不错我也要去打卡,
这里看着还挺壮观的呀,
恭喜开业，红红火火发大财，开业一定去,
背景音乐是啥,
昨天去了太好了下次还去,
真的是很好啊 我喜欢哦,
这里看起来就很不错哦,
我也好想去这里打卡呀！,
这里真的值得去,
真的是太棒啦,
看得我直流口水,
要给摄影师加鸡腿,
我也好想去这里拍照,
我一定要去看一下,
在这里吃东西太有感觉了,
还是大城市好,
，海口啥也没有,
我也很想来这里打卡了,
明天可以去打卡,
有机会一定要去打卡尝一尝,
去吗去吗,
我也想去这里看看,
真的是满满的回忆,
明天去应该穿什么衣服,
有果呀呀嘛,
冷死了,
这里有海底捞嘛,
电梯都不开，从车库到商场全靠爬楼梯，真的是无力吐槽 去了一次体验感极差，再也不会去 带小孩的，有推车的朋友们就别去了,
唉,
你说巧不巧，我就在隔壁写字楼上班，窗外就是江景,
昨天去差点没被风送走,
哪里是唯一的临江，方圆会也临江啊,
没啥逛的,
什么烤肉？,
好棒,
快看,
喜庭,
你们去的是不是这里,
等你回来，我们去那边玩玩,
明天去这,
去过了,
去不去,
去过没？,
这里没海底捞离你那好近,
够够够,
又多了个打卡地方,
等你来去逛,
冲啊,
想去吃爸爸烤肉,
这个有点适合我们,
我去了 就在我这,
在那里住了半年,
,
,
,
,
我想去,
你喜欢不,
真的必去 离我们家近,
,
我们去,
陪我去,
还没去过,
,
,
去！,
没去过,
开业了,
啊,
,
,
,
椒,
想去！,
,
,
,
@,
,
,
@,
,
,
,
,
漏漏漏漏,
我不管陪我去！！！,
,
我就才刚刚在地图搜了这里 抖音就推荐了 这就是大数据,
还不错哟,
@司司：能不能管一下你们的玻璃和撞死的鸟！！！,
