　Lost  and  Found,magnet:?xt=urn:btih:ebbddf7977436ce895b21363d5bb4e8ad5aa8ed4&amp;dn=%e9%98%b3%e5%85%89%e7%94%b5%e5%bd%b1www.ygdy8.com.%e4%bb%a5%e5%b9%b4%e4%b8%ba%e5%8d%95%e4%bd%8d%e7%9a%84%e6%81%8b%e7%88%b1.2022.HD.1080P.%e5%9b%bd%e8%af%ad%e4%b8%ad%e8%8b%b1%e5%8f%8c%e5%ad%97.mp4&amp;tr=udp%3a%2f%2ftracker.opentrackr.org%3a1337%2fannounce&amp;tr=udp%3a%2f%2fexodus.desync.com%3a6969%2fannounce
　蜡笔小新：谜团！花之天下春日部学院/P小新霭  : iF！？天下春日部W@之嫌疑事件簿(港),magnet:?xt=urn:btih:acd85204ef63f4c09bdf42f583566af763e9c9c8&amp;dn=%e9%98%b3%e5%85%89%e7%94%b5%e5%bd%b1www.ygdy8.com.%e8%9c%a1%e7%ac%94%e5%b0%8f%e6%96%b0%ef%bc%9a%e8%b0%9c%e5%9b%a2.2021.BD.1080P.%e5%9b%bd%e7%b2%a4%e6%97%a5%e4%b8%89%e8%af%ad%e4%b8%ad%e5%ad%97.mkv&amp;tr=udp%3a%2f%2ftracker.opentrackr.org%3a1337%2fannounce&amp;tr=udp%3a%2f%2fexodus.desync.com%3a6969%2fannounce
　国王理查德/王者世家(港)/王者理查(台)/王者理查德,magnet:?xt=urn:btih:72641444ec15aabadf1aa32d28a601e66ec66b27&amp;dn=%e9%98%b3%e5%85%89%e7%94%b5%e5%bd%b1www.ygdy8.com.%e5%9b%bd%e7%8e%8b%e7%90%86%e6%9f%a5%e5%be%b7.2021.BD.1080P.%e4%b8%ad%e8%8b%b1%e5%8f%8c%e5%ad%97.mkv&amp;tr=udp%3a%2f%2ftracker.opentrackr.org%3a1337%2fannounce&amp;tr=udp%3a%2f%2fexodus.desync.com%3a6969%2fannounce
　Island  Keeper,magnet:?xt=urn:btih:8eff0296a8cab7191faed70bc2a4f11025b4005d&amp;dn=%e9%98%b3%e5%85%89%e7%94%b5%e5%bd%b1www.ygdy8.com.%e5%ae%88%e5%b2%9b%e4%ba%ba.2021.HD.1080P.%e5%9b%bd%e8%af%ad%e4%b8%ad%e8%8b%b1%e5%8f%8c%e5%ad%97.mp4&amp;tr=udp%3a%2f%2ftracker.opentrackr.org%3a1337%2fannounce&amp;tr=udp%3a%2f%2fexodus.desync.com%3a6969%2fannounce
　Embrace  Again,magnet:?xt=urn:btih:e3218c24bcab3a56afb27b3170a69d075f8cb53a&amp;dn=%e9%98%b3%e5%85%89%e7%94%b5%e5%bd%b1www.ygdy8.com.%e7%a9%bf%e8%bf%87%e5%af%92%e5%86%ac%e6%8b%a5%e6%8a%b1%e4%bd%a0.2021.HD.1080P.%e5%9b%bd%e8%af%ad%e4%b8%ad%e8%8b%b1%e5%8f%8c%e5%ad%97.mkv&amp;tr=udp%3a%2f%2ftracker.opentrackr.org%3a1337%2fannounce&amp;tr=udp%3a%2f%2fexodus.desync.com%3a6969%2fannounce
　美国草根：库尔特&middot;华纳的故事/美国草根/美国逆袭者,magnet:?xt=urn:btih:db673fd0dd7ecad002183657112732e38727df77&amp;dn=%e9%98%b3%e5%85%89%e7%94%b5%e5%bd%b1www.ygdy8.com.%e7%be%8e%e5%9b%bd%e8%8d%89%e6%a0%b9%ef%bc%9a%e5%ba%93%e5%b0%94%e7%89%b9%c2%b7%e5%8d%8e%e7%ba%b3%e7%9a%84%e6%95%85%e4%ba%8b.2021.BD.1080P.%e4%b8%ad%e8%8b%b1%e5%8f%8c%e5%ad%97.mkv&amp;tr=udp%3a%2f%2ftracker.opentrackr.org%3a1337%2fannounce&amp;tr=udp%3a%2f%2fexodus.desync.com%3a6969%2fannounce
　王牌特工：源起/王牌特工：伟大游戏/王牌特工：伟大的游戏/王牌特工：大博弈/王牌特工前传/皇家特工：第一任务(港)/金牌特务：金士曼起源(台),magnet:?xt=urn:btih:989e3a3eeecdf25e6a430e16ece489ac0107cc1c&amp;dn=%e9%98%b3%e5%85%89%e7%94%b5%e5%bd%b1www.ygdy8.com.%e7%8e%8b%e7%89%8c%e7%89%b9%e5%b7%a5%ef%bc%9a%e6%ba%90%e8%b5%b7.2021.BD.1080P.%e4%b8%ad%e8%8b%b1%e5%8f%8c%e5%ad%97.mkv&amp;tr=udp%3a%2f%2ftracker.opentrackr.org%3a1337%2fannounce&amp;tr=udp%3a%2f%2fexodus.desync.com%3a6969%2fannounce
　在街上/  On the Street / Over the  Town,magnet:?xt=urn:btih:192841ac1896405b34655226048c4869ad903061&amp;dn=%e9%98%b3%e5%85%89%e7%94%b5%e5%bd%b1www.ygdy8.com.%e5%9c%a8%e8%a1%97%e4%b8%8a.2019.BD.1080P.%e6%97%a5%e8%af%ad%e4%b8%ad%e5%ad%97.mkv&amp;tr=udp%3a%2f%2ftracker.opentrackr.org%3a1337%2fannounce&amp;tr=udp%3a%2f%2fexodus.desync.com%3a6969%2fannounce
　玉面情魔/噩梦巷/夜路(台),magnet:?xt=urn:btih:812abbc72497464cd0914f1bc4ad62406fbe87fa&amp;dn=%e9%98%b3%e5%85%89%e7%94%b5%e5%bd%b1www.ygdy8.com.%e7%8e%89%e9%9d%a2%e6%83%85%e9%ad%94.2021.BD.1080P.%e4%b8%ad%e8%8b%b1%e5%8f%8c%e5%ad%97.mkv&amp;tr=udp%3a%2f%2ftracker.opentrackr.org%3a1337%2fannounce&amp;tr=udp%3a%2f%2fexodus.desync.com%3a6969%2fannounce
　古驰家族/Gucci：豪门谋杀案(台)/GUCCI名门望族(港)/古琦/古驰之家/古驰王朝,magnet:?xt=urn:btih:9e9d3a4576e873a2b62a8094a19845e43e7c1e67&amp;dn=%e9%98%b3%e5%85%89%e7%94%b5%e5%bd%b1www.ygdy8.com.%e5%8f%a4%e9%a9%b0%e5%ae%b6%e6%97%8f.2021.BD.1080P.%e4%b8%ad%e8%8b%b1%e5%8f%8c%e5%ad%97.mkv&amp;tr=udp%3a%2f%2ftracker.opentrackr.org%3a1337%2fannounce&amp;tr=udp%3a%2f%2fexodus.desync.com%3a6969%2fannounce
　Anchor  Baby/Model/落地生,magnet:?xt=urn:btih:246cda64c9c40d16d5858ab2286469976bd61abc&amp;dn=%e9%98%b3%e5%85%89%e7%94%b5%e5%bd%b1www.ygdy8.com.%e6%88%91%e6%98%af%e7%9b%91%e6%8a%a4%e4%ba%ba.2021.HD.4K.%e5%9b%bd%e8%af%ad%e4%b8%ad%e8%8b%b1%e5%8f%8c%e5%ad%97.mp4&amp;tr=udp%3a%2f%2ftracker.opentrackr.org%3a1337%2fannounce&amp;tr=udp%3a%2f%2fexodus.desync.com%3a6969%2fannounce
　雄狮少年  / I Am What I  Am,magnet:?xt=urn:btih:543bead8dbe2dd4f82f1248f1bad4aea7684edbb&amp;dn=%e9%98%b3%e5%85%89%e7%94%b5%e5%bd%b1www.ygdy8.com.%e9%9b%84%e7%8b%ae%e5%b0%91%e5%b9%b4.2021.HD.1080P.%e5%9b%bd%e7%b2%a4%e5%8f%8c%e8%af%ad%e4%b8%ad%e5%ad%97.mkv&amp;tr=udp%3a%2f%2ftracker.opentrackr.org%3a1337%2fannounce&amp;tr=udp%3a%2f%2fexodus.desync.com%3a6969%2fannounce
　Battle  of Chosin Reservior/The Battle at Lake  Changjin,magnet:?xt=urn:btih:d835df67e0f3ed55a75b22fe81de50a081e6efc7&amp;dn=%e9%98%b3%e5%85%89%e7%94%b5%e5%bd%b1www.ygdy8.com.%e9%95%bf%e6%b4%a5%e6%b9%96.2021.BD.1080P.%e5%9b%bd%e8%af%ad%e4%b8%ad%e5%ad%97.mkv&amp;tr=udp%3a%2f%2ftracker.opentrackr.org%3a1337%2fannounce&amp;tr=udp%3a%2f%2fexodus.desync.com%3a6969%2fannounce
　New  Kung Fu Cult Master  Ⅱ/新倚天屠龙记下,magnet:?xt=urn:btih:6afc014e2ca612adf5d2477f9a5cac21d5b4c9a8&amp;dn=%e9%98%b3%e5%85%89%e7%94%b5%e5%bd%b1www.ygdy8.com.%e5%80%9a%e5%a4%a9%e5%b1%a0%e9%be%99%e8%ae%b0%e4%b9%8b%e5%9c%a3%e7%81%ab%e9%9b%84%e9%a3%8e.2022.HD.1080P.%e5%9b%bd%e7%b2%a4%e5%8f%8c%e8%af%ad%e4%b8%ad%e5%ad%97.mkv&amp;tr=udp%3a%2f%2ftracker.opentrackr.org%3a1337%2fannounce&amp;tr=udp%3a%2f%2fexodus.desync.com%3a6969%2fannounce
